SMILES,LABEL
CC(C)(C)C(=O)C(Oc1ccc(Cl)cc1)n1cncn1,0
COC(=O)Nc1nc2ccccc2[nH]1,1
CCOc1cc(NC(C)=O)ccc1C(=O)OC,0
Clc1cc(Cl)c(Cl)c(Cl)c1Cl,1
CC(=O)Nc1ccc(O)cc1,0
Nc1ccc(Cl)cc1,1
CCOP(=O)(NC(C)C)Oc1ccc(SC)c(C)c1,1
c1cc2ccc3cccc4ccc(c1)c2c34,1
CCCCCCCCCCCCOS(=O)(=O)[O-].[Na+],0
CCCSP(=O)(OCC)Oc1ccc(Br)cc1Cl,1
Oc1c(Cl)c(Cl)c(Cl)c(Cl)c1Cl,0
Clc1cc(Cl)c(Cl)c(Cl)c1Cl,0
CCCCCCCCCCCCCN,1
ClCC(Cl)Cl,0
C[n+]1ccc(-c2cc[n+](C)cc2)cc1,0
COC(=O)c1ccccc1N,0
C1CCCCC1,0
O=CO,0
CCOP(=S)(OCC)Oc1cc(C)nc(C(C)C)n1,1
CC(C)N.O=C(O)CNCP(=O)(O)O,0
CC(C)C(C(=O)OC(C#N)c1cccc(Oc2ccccc2)c1)c1ccc(Cl)cc1,1
CON(C)C(=O)Nc1ccc(Cl)c(Cl)c1,0
O=P(Oc1ccccc1)(Oc1ccccc1)Oc1ccccc1,1
N#C[S-].[K+],0
CC1(C(=O)Nc2ccc(O)c(Cl)c2Cl)CCCCC1,0
CC1(C)C(C=C(Br)Br)C1C(=O)OC(C#N)c1cccc(Oc2ccccc2)c1,1
N#Cc1cc(Br)c(O)c(Br)c1,0
CCCCCc1ccc(O)cc1,0
ClC(Cl)C(Cl)(Cl)Cl,0
CC=Cc1ccc(OC)cc1,0
ClC(Cl)Cl,0
[Na+].[O-]c1c(Cl)c(Cl)c(Cl)c(Cl)c1Cl,0
CC1(C)C(=O)N(Br)C(=O)N1Br,1
CC(C)NC(=O)N1CC(=O)N(c2cc(Cl)cc(Cl)c2)C1=O,0
CCCCOC(=O)c1ccccc1C(=O)OCCCC,0
[Na+].[O-]c1c(Cl)c(Cl)c(Cl)c(Cl)c1Cl,1
CNC(=O)Oc1cccc2c1OC(C)(C)C2,1
CCNc1nc(NC(C)C)nc(SC)n1,0
OCCNCCO,0
CCOP(=S)(OCC)Oc1ccc([N+](=O)[O-])cc1,1
ClC=C(Cl)Cl,0
CCc1cccc(C)c1N(C(=O)CCl)C(C)COC,1
Cn1cc(-c2ccccc2)c(=O)c(-c2cccc(C(F)(F)F)c2)c1,0
O=C(NC(=O)c1c(F)cccc1F)Nc1ccc(Cl)cc1,1
Clc1ccc(Cl)c(Cl)c1,0
O=c1[nH]sc2ccccc12,0
CC1COCc2cc3c(cc21)C(C)(C)C(C)C3(C)C,1
ClC1=C(Cl)C2(Cl)C3C4C=CC(C4)C3C1(Cl)C2(Cl)Cl,1
COC(=O)c1c(Cl)c(Cl)c(C(=O)OC)c(Cl)c1Cl,0
CC(C)(c1cc(Br)c(O)c(Br)c1)c1cc(Br)c(O)c(Br)c1,1
CCCCC(O)(Cn1cncn1)c1ccc(Cl)cc1Cl,0
O=S(=O)([O-])C(F)(F)C(F)(F)C(F)(F)C(F)(F)C(F)(F)C(F)(F)C(F)(F)C(F)(F)F.[K+],0
C=CCN,0
Cc1c([N+](=O)[O-])cc([N+](=O)[O-])cc1[N+](=O)[O-],0
CCCCCCOc1ccc(N)cc1,1
CN1CCCC1c1cccnc1,0
CCO,0
CCNc1nc(Cl)nc(NC(C)C)n1,1
CNC(=O)ON=CC(C)(C)S(C)(=O)=O,1
COc1nn(CSP(=S)(OC)OC)c(=O)s1,0
Clc1ccc(C(c2ccc(Cl)cc2)C(Cl)(Cl)Cl)cc1,1
CNC(=O)Oc1ccc(N(C)C)c(C)c1,1
CCN(CC)CC.O=C(O)COc1nc(Cl)c(Cl)cc1Cl,0
COP(=S)(OC)Oc1ccc([N+](=O)[O-])c(C)c1,1
CN(C)C(=S)SSC(=S)N(C)C,0
O=[N+]([O-])c1cc(C(F)(F)F)c(Cl)c([N+](=O)[O-])c1Nc1ncc(C(F)(F)F)cc1Cl,1
ClC1=C(Cl)C(Cl)(Cl)C(Cl)=C1Cl,1
CCN(CC)C(=O)SCc1ccc(Cl)cc1,0
c1cc[n+]2c(c1)-c1cccc[n+]1CC2,0
COc1nc(C)nc(NC(=O)NS(=O)(=O)c2ccccc2Cl)n1,0
CC1(C)C(C=C(Cl)Cl)C1C(=O)OCc1cccc(Oc2ccccc2)c1,1
CC1(C)C(C=C(Cl)Cl)C1C(=O)OC(C#N)c1ccc(F)c(Oc2ccccc2)c1,0
O=C(O)COc1ccc(Cl)cc1Cl.OCCN(CCO)CCO,0
CCCCCCCCCC[N+](C)(C)CCCCCCCCCC.[Cl-],1
Oc1c(Cl)cc(Cl)c(Cl)c1Cl,0
Cc1ccc(O)c(C)c1,0
c1ccc2c(c1)-c1cccc3cccc-2c13,1
CCCCCCCCCc1ccc(O)cc1,1
C[n+]1ccc(-c2cc[n+](C)cc2)cc1.[Cl-].[Cl-],1
c1ccc2cc3ccccc3cc2c1,1
Cc1cc(=O)c(C(=O)[O-])nn1-c1ccc(Cl)cc1.[Na+],0
CCCCCCCC(=O)Oc1c(Br)cc(C#N)cc1Br,1
CCOP(=S)(OCC)SC1OCCOC1SP(=S)(OCC)OCC,1
O=[N+]([O-])c1ccc(Oc2c(Cl)cc(Cl)cc2Cl)cc1,0
CCCCC(CC)COC(=O)c1ccccc1C(=O)OCC(CC)CCCC,1
O=C(O)C1C2CCC(O2)C1C(=O)O,0
c1ccc2ccccc2c1,0
ClC1C(Cl)C(Cl)C(Cl)C(Cl)C1Cl,1
c1cc[n+]2c(c1)-c1cccc[n+]1CC2,1
Cc1ccc([N+](=O)[O-])cc1[N+](=O)[O-],0
CC(Cl)CCl,0
O=Cc1ccco1,0
CCCC(=NOCC)C1=C(O)CC(CC(C)SCC)CC1=O,0
COC(=O)N(C(=O)N1COC2(C(=O)OC)Cc3cc(Cl)ccc3C2=N1)c1ccc(OC(F)(F)F)cc1,1
ClC1=C(Cl)C2(Cl)C3C4CC(C5OC45)C3C1(Cl)C2(Cl)Cl,1
CCOP(=S)(OCC)Oc1nc(Cl)c(Cl)cc1Cl,1
CCOC(C)=O,0
COC(=O)Nc1nc2ccccc2[nH]1,0
Cc1ccc2nc(C)ccc2c1,0
Oc1ccccc1,0
C=Cc1ccccc1,0
CCc1cccc(C)c1N(C(=O)CCl)C(C)COC,0
CCCCCCCC[N+](C)(CCCCCCCC)CCCCCCCC.[Cl-],1
O=C1C2(Cl)C3(Cl)C4(Cl)C(Cl)(Cl)C5(Cl)C3(Cl)C1(Cl)C5(Cl)C24Cl,0
c1ccc(Oc2ccccc2)cc1,0
CNC(=O)Oc1cccc2ccccc12,1
CCCCC(C#N)(Cn1cncn1)c1ccc(Cl)cc1,0
CN(C)C(=O)Nc1ccc(Cl)c(Cl)c1,0
CC(C)NCC(O)COc1cccc2ccccc12,0
c1ccc2nc3ccccc3cc2c1,1
Nc1ccc(Cl)c(Cl)c1,1
Oc1c(Cl)cc(Cl)cc1Cl,1
COP(=O)(NC(C)=O)SC,1
O=C(O)COc1ccc(Cl)cc1Cl,0
c1ccc2c(c1)ccc1ccccc12,1
CNC.Cc1cc(Cl)ccc1OCC(=O)O,0
ClC(Cl)=C(Cl)Cl,0
O=[N+]([O-])c1ccc(Oc2c(Cl)cc(Cl)cc2Cl)cc1,1
O=C(O)CCC(F)(F)C(F)(F)C(F)(F)C(F)(F)C(F)(F)C(F)(F)C(F)(F)F,1
CNC(=O)CSP(=S)(OC)OC,0
Nc1c(Cl)c(Cl)nc(C(=O)[O-])c1Cl.[K+],0
CNC(=O)Oc1ccccc1OC(C)C,0
CCc1cccc(CC)c1N(COC)C(=O)CCl,0
CC(=O)CC(C)=O,0
CNc1cnn(-c2cccc(C(F)(F)F)c2)c(=O)c1Cl,1
ClC1=C(Cl)C2(Cl)C3C4CC(C5OC45)C3C1(Cl)C2(Cl)Cl,0
Cc1cc(Cl)cc(Cl)c1O,1
CCCN(CCC)C(=S)SSC(=S)N(CCC)CCC,1
CCOC(=O)C(SP(=S)(OC)OC)c1ccccc1,1
COP(=O)(OC)OC=C(Cl)Cl,0
O=CNC(N1CCN(C(NC=O)C(Cl)(Cl)Cl)CC1)C(Cl)(Cl)Cl,0
c1ccc(-c2ccccc2)cc1,0
Oc1c(Cl)cccc1Cl,0
COc1cccc(O)c1,0
Oc1c(Cl)c(Cl)c(Cl)c(Cl)c1Cl,1
Nc1ccc(Cl)cc1Cl,0
CCCCOP(=O)(OCCCC)OCCCC,0
CC(C)N(C(=O)CCl)c1ccccc1,0
[C-]#N.[Na+],1
OCCO,0
CCCCCCCCn1sc(Cl)c(Cl)c1=O,1
CC1=CC=C(C(C)C)CC1,0
C=CC(N)=O,0
CCCCC=CCCC=CCCCCCCOC(C)=O,1
CC(C)(c1cc(Br)c(O)c(Br)c1)c1cc(Br)c(O)c(Br)c1,0
Cc1c(COC(=O)C2C(C=C(Cl)C(F)(F)F)C2(C)C)cccc1-c1ccccc1,1
Nc1ccccc1,1
COC(=O)N(OC)c1ccccc1COc1ccn(-c2ccc(Cl)cc2)n1,1
O=[N+]([O-])c1ccc(O)cc1,0
CC(C)N,0
CCOC(=O)CC(SP(=S)(OC)OC)C(=O)OCC,1
CC(=O)CC(c1ccccc1)c1c(O)c2ccccc2oc1=O,0
O=C(O)c1ccccc1,0
COP(=O)(OC)Oc1ccc([N+](=O)[O-])c(C)c1,1
CCCOP(=S)(OCCC)OP(=S)(OCCC)OCCC,1
O=[N+]([O-])NC1=NCCN1Cc1ccc(Cl)nc1,1
CCc1ccc(C(=O)NN(C(=O)c2cc(C)cc(C)c2)C(C)(C)C)cc1,0
CN1COCN(Cc2cnc(Cl)s2)C1=N[N+](=O)[O-],0
Nc1cc(Cl)cc(Cl)c1,1
O=[N+]([O-])c1ccc(O)c([N+](=O)[O-])c1,0
C1=CC2C3C=CC(C3)C2C1,0
N.O=C(O)C(F)(F)C(F)(F)C(F)(F)C(F)(F)C(F)(F)C(F)(F)C(F)(F)F,0
CCCCCCCO,0
CNC(=O)ON=CC(C)(C)SC,1
Cc1ccccc1,0
CN(C)c1ccccc1,0
O=C(O)C(F)(F)C(F)(F)C(F)(F)F,0
CCCCCCCCCN,0
CC(C)=O,0
CCOc1nc(C(Cl)(Cl)Cl)ns1,0
Oc1ccc(O)cc1,1
CCCC1COC(Cn2cncn2)(c2ccc(Cl)cc2Cl)O1,0
CC12CCC3c4ccc(O)cc4CCC3C1CCC2O,0
Cc1c(N)cc([N+](=O)[O-])cc1[N+](=O)[O-],0
O=[N+]([O-])NC1=NCCN1Cc1ccc(Cl)nc1,0
COc1ccc(CCN(C)CCCC(C#N)(c2ccc(OC)c(OC)c2)C(C)C)cc1OC,0
CCCCOC(=O)c1ccccc1C(=O)OCc1ccccc1,0
COP(=S)(OC)Oc1ccc([N+](=O)[O-])c(C)c1,0
c1ccc(C(c2ccccc2)(c2ccccc2)N2CCOCC2)cc1,1
CNC(=O)Oc1ccc(N(C)C)c(C)c1,0
CSc1nc(NC(C)C)nc(NC(C)C)n1,0
CC1(C)C(C=C(Cl)Cl)C1C(=O)OC(C#N)c1ccc(F)c(Oc2ccccc2)c1,1
COP(=O)(OC)OC(C)=CC(=O)N(C)C,1
O=P(O)(O)CCCl,0
CCCCC(O)(Cn1cncn1)c1ccc(Cl)cc1Cl,1
CCNc1nc(Cl)nc(NC(C)(C)C)n1,0
Nc1ccc(Cl)c(Cl)c1,0
Oc1cccc2ccccc12,1
Oc1c(Cl)c(Cl)cc(Cl)c1Cl,0
CCCCCCS,1
CN(C)C(=O)Nc1ccc(Cl)c(Cl)c1,1
CCNc1nc(Cl)nc(NCC)n1,0
Nc1ccc([N+](=O)[O-])cc1Cl,0
O=CC=Cc1ccccc1,1
OCC(Br)CBr,0
COCC(=O)N(c1c(C)cccc1C)C(C)C(=O)OC,0
O=C([O-])Cc1ccccc1Nc1c(Cl)cccc1Cl.[Na+],0
CC(C)(C)O,0
COP(=O)(OC)C(O)C(Cl)(Cl)Cl,1
ClC1C(Cl)C(Cl)C(Cl)C(Cl)C1Cl,0
CCOP(=S)(OCC)SCSc1ccc(Cl)cc1,1
c1ccc2ncccc2c1,0
Oc1cc(Cl)c(Cl)cc1Cl,0
COP(=S)(OC)Oc1ccc([N+](=O)[O-])cc1,1
CC1(C)C(C=C(Cl)Cl)C1C(=O)OC(C#N)c1cccc(Oc2ccccc2)c1,0
c1ccccc1,0
O=[N+]([O-])c1ccccc1,0
CCCCOCCOC(=O)COc1nc(Cl)c(Cl)cc1Cl,0
CCCCOCCOCCOCc1cc2c(cc1CCC)OCO2,0
CN(C)C(=S)SSC(=S)N(C)C,1
COP(=O)(OC)OC=C(Cl)Cl,1
CSc1nc(NC2CC2)nc(NC(C)(C)C)n1,1
c1ccncc1,0
Oc1ccccc1-c1ccccc1,1
CCNc1nc(NCC)nc(SC)n1,1
CCCCCO,0
Oc1cc(Cl)ccc1Oc1ccc(Cl)cc1Cl,1
CN(C)C(=O)Nc1cccc(C(F)(F)F)c1,0
COC(=O)C1(Cl)CCCC2(C)c3ccc(C(C)C)cc3CCC12,0
Cc1cccc([N+](=O)[O-])c1[N+](=O)[O-],1
CON=C(C(=O)OC)c1ccccc1CON=C(C)c1cccc(C(F)(F)F)c1,1
Cc1ccc(O)cc1,0
CCC(Cl)Cl,0
CC(C)(C)c1ccc(CCOc2ncnc3ccccc23)cc1,0
CC1(C)C(C=C(Cl)Cl)C1C(=O)OC(C#N)c1cccc(Oc2ccccc2)c1,1
N#Cc1nn(-c2c(Cl)cc(C(F)(F)F)cc2Cl)c(N)c1S(=O)C(F)(F)F,1
Clc1ccccc1,0
Cc1ccc([N+](=O)[O-])c(O)c1,0
CCc1ccccc1,0
Clc1cccc(Cl)c1Cl,0
COP(=S)(OC)SCn1nnc2ccccc2c1=O,1
COC=C(C(=O)OC)c1ccccc1Oc1cc(Oc2ccccc2C#N)ncn1,1
O=C(O)CNCP(=O)(O)O,0
Oc1cc(Cl)cc(Cl)c1,0
CCNc1nc(Cl)nc(NC(C)(C)C#N)n1,0
O=[N+]([O-])c1ccc(Cl)cc1,0
CC(C)CC(C)c1sccc1NC(=O)c1cn(C)nc1C(F)(F)F,0
O=[N+]([O-])c1cc([N+](=O)[O-])c(O)c([N+](=O)[O-])c1,0
CCNc1nc(Cl)nc(NC(C)C)n1,0
O=C(O)C(Br)(Br)Br,0
O=S1OCC2C(CO1)C1(Cl)C(Cl)=C(Cl)C2(Cl)C1(Cl)Cl,1
CC(C)CC(C)c1sccc1NC(=O)c1cn(C)nc1C(F)(F)F,1
CCN(CC)c1c([N+](=O)[O-])cc(C(F)(F)F)c(N)c1[N+](=O)[O-],0
CC(=O)[O-].[Na+],0
ClC1=C(Cl)C2(Cl)C3C4C=CC(C4)C3C1(Cl)C2(Cl)Cl,0
CCOC(=O)C(C)Oc1ccc(Oc2cnc3cc(Cl)ccc3n2)cc1,0
O=c1ccc2ccccc2o1,0
NCCO.O=C(Nc1ccc([N+](=O)[O-])cc1Cl)c1cc(Cl)ccc1O,1
CCC(O)C(C)CO,0
CNC(=O)Oc1cccc2ccccc12,0
CC(CN1COC(C)C1)OCOCOCO,0
CN(C)c1nc(=O)n(C2CCCCC2)c(=O)n1C,0
CCN(CC)c1ccc2c(-c3ccccc3C(=O)[O-])c3ccc(=[N+](CC)CC)cc-3oc2c1.Cl,0
CNC(=S)[S-].[Na+],1
CCNc1nc(NC(C)(C)C)nc(SC)n1,1
CCC(CC)Nc1c([N+](=O)[O-])cc(C)c(C)c1[N+](=O)[O-],0
ClC(Cl)(Cl)C(Cl)(Cl)Cl,0
CCCc1ncc(C[n+]2ccccc2C)c(N)n1.Cl.[Cl-],0
CCCCCCCCN,0
O=C(O)c1c(Cl)ccc2cc(Cl)cnc12,0
COP(=O)(OC)C(O)C(Cl)(Cl)Cl,0
COP(=S)(OC)Oc1ccc(Sc2ccc(OP(=S)(OC)OC)cc2)cc1,1
O=C(O)C(Br)Br,0
CCCCCN,0
CCC(C)c1cc([N+](=O)[O-])cc([N+](=O)[O-])c1O,1
O=C(Nc1ccc(Cl)cc1)Nc1ccc(Cl)c(Cl)c1,1
Oc1cc(Cl)c(Cl)cc1Cl,1
CCOC(=O)C(O)(c1ccc(Cl)cc1)c1ccc(Cl)cc1,0
ClCCCCl,0
Cn1c(=O)c2c(ncn2C)n(C)c1=O,0
C[n+]1ccc(-c2cc[n+](C)cc2)cc1,1
N#Cc1c(Cl)cccc1Cl,0
CC(=O)CCC(C)C,0
Clc1ccc(C(c2ccc(Cl)cc2)C(Cl)(Cl)Cl)cc1,0
[C-]#N.[Na+],0
CNC(=O)ON=C(C)SC,0
CCC(C)=O,0
COc1nc(NC(C)C)nc(NC(C)C)n1,0
Cc1ccc(N)cc1,1
CCN(CC)C1CCCCC1,0
N=C(N)N[N+](=O)[O-],0
c1ccc(-c2ccccc2)cc1,1
ClC=CCCl,0
CCOP(=S)(OCC)OC(Cl)C(Cl)(Cl)Cl,1
CC(C)Oc1cc(-n2nc(C(C)(C)C)oc2=O)c(Cl)cc1Cl,0
COc1ccc(C(=CC(=O)N2CCOCC2)c2ccc(Cl)cc2)cc1OC,0
O=C(O)C(F)(F)C(F)(F)C(F)(F)C(F)(F)C(F)(F)C(F)(F)C(F)(F)F,0
CSc1nnc(C(C)(C)C)c(=O)n1N,0
CCC(=O)Nc1ccc(Cl)c(Cl)c1,0
CN(C)c1ccc(C(=C2C=CC(=[N+](C)C)C=C2)c2ccccc2)cc1.[Cl-],0
CC1(C)CN=C(NN=C(C=Cc2ccc(C(F)(F)F)cc2)C=Cc2ccc(C(F)(F)F)cc2)NC1,1
O=S1CCON=C1c1cc2ccccc2s1,1
COC(=O)C1(Cl)C(Cl)CCC2(C)c3ccc(C(C)C)cc3CCC21,0
C=CCN(CC=C)C(=O)C(Cl)Cl,0
Cc1ccc(N)cc1Cl.Cl,0
N#Cc1c(Cl)c(Cl)c(Cl)c(C#N)c1Cl,1
COP(=S)(OC)SCN1C(=O)c2ccccc2C1=O,1
COP(=S)(OC)Oc1ccc([N+](=O)[O-])cc1,0
O=c1ccc(=O)[nH][nH]1,0
CC1=CCC(=C(C)C)CC1,0
CCCOC(=O)NCCCN(C)C.Cl,0
c1ccc(Oc2ccccc2)cc1,1
C=CCc1ccccc1O,0
CN(C)N,0
CCOP(=S)(OCC)SCn1nnc2ccccc2c1=O,1
CN(CCCl)CCCl.Cl,0
CC(C)c1ccccc1,0
c1ccc2c(c1)-c1cccc3cccc-2c13,0
Oc1ccc(Cl)cc1Cl,0
COC(=O)NC(=S)Nc1ccccc1NC(=S)NC(=O)OC,0
ClCCl,0
Cc1ccccc1O,0
Cc1ccc(C)c(O)c1C,0
Cc1cc(C)c(C2=C(OC(=O)CC(C)(C)C)C3(CCCC3)OC2=O)c(C)c1,0
O=P(Oc1ccccc1)(Oc1ccccc1)Oc1ccccc1,0
FC(F)C(F)(F)OCC(Cn1cncn1)c1ccc(Cl)cc1Cl,0
CC1(C)C(C=C(Cl)C(F)(F)F)C1C(=O)OC(C#N)c1cccc(Oc2ccccc2)c1,1
O=C(NC(=O)c1c(F)cccc1F)Nc1ccc(Cl)cc1,0
CC(=NC#N)N(C)Cc1ccc(Cl)nc1,0
C=C(C)C1CC=C(C)CC1,0
Nc1ncn[nH]1,0
Cc1ccc(N=CN(C)C=Nc2ccc(C)cc2C)c(C)c1,0
CCOP(=S)(OCC)SCSC(C)(C)C,1
COP(=S)(OC)Oc1ccc(SC)c(C)c1,1
CN(C)C1C(=O)C(C(N)=O)=C(O)C2(O)C(=O)C3=C(O)c4c(O)cccc4C(C)(O)C3C(O)C12,0
c1cc2c3c(cccc3c1)CC2,1
CCCCO,0
c1ccc2c(c1)Cc1ccccc1-2,1
CC(C)Cl,0
CCCO,0
NCCN,0
O=[N+]([O-])c1ccccc1Cl,0
COc1ccc(C(c2ccc(OC)cc2)C(Cl)(Cl)Cl)cc1,1
OCCCl,0
CCCN(CCC)c1c([N+](=O)[O-])cc(C(F)(F)F)cc1[N+](=O)[O-],1
CC(Cl)(Cl)Cl,0
O=[N+]([O-])C(Cl)(Cl)Cl,1
O=S1(=O)CCCC1,0
CC(C)(c1ccc(O)cc1)c1ccc(O)cc1,0
CCc1cccc(CC)c1N(COC)C(=O)CCl,1
N#Cc1c([N+](=O)[O-])cc([N+](=O)[O-])cc1[N+](=O)[O-],1
CCNP(=S)(OC)OC(C)=CC(=O)OC(C)C,1
CCN(CC)C(=O)SCc1ccc(Cl)cc1,1
C[n+]1ccc(-c2cc[n+](C)cc2)cc1.[Cl-].[Cl-],0
Clc1nc(Cl)nc(Nc2ccccc2Cl)n1,0
CCN(CC)C(=S)[S-].[Na+],1
C=C(C)C1Cc2c(ccc3c2OC2COc4cc(OC)c(OC)cc4C2C3=O)O1,1
CC(C)(C)c1ccc(CSc2cnn(C(C)(C)C)c(=O)c2Cl)cc1,1
CN(C)C=O,0
CCCSP(=O)(OCC)SCCC,1
CCCCOCCOC(=O)C(C)Oc1ccc(Cl)cc1Cl,0
CCCCCCN,0
c1ccc(Nc2ccccc2)cc1,0
Nc1ccc(-c2ccc(N)c(Cl)c2)cc1Cl,0
CC(C)N(C(=O)SCC(Cl)=C(Cl)Cl)C(C)C,1
CCOP(=S)(OCC)Oc1cc(C)nc(C(C)C)n1,0
CC(C)(C)C(O)(CCc1ccc(Cl)cc1)Cn1cncn1,0
CCOP(=S)(OCC)SCSP(=S)(OCC)OCC,1
O=C([O-])COc1ccc(Cl)cc1Cl.[Na+],0
FC(F)(F)c1ccc(OCCCOc2c(Cl)cc(OCC=C(Cl)Cl)cc2Cl)nc1,1
Cc1cccc(C)c1,0
Cn1sccc1=O,1
N#CSCSC#N,1
Nc1ccccc1Cl,1
O=C(O)Cc1cccc2ccccc12,0
CS(=O)(=O)c1ccc(C(=O)C2C(=O)CCCC2=O)c([N+](=O)[O-])c1,0
CCOCCOCCO,0
Cc1c(N)cc([N+](=O)[O-])cc1[N+](=O)[O-],1
COC(=O)c1ccccc1C(=O)OC,0
CC1(C)C2CCC1(C)C(OC(=O)CSC#N)C2,1
NC(=O)NN=Cc1ccc([N+](=O)[O-])o1,0
Oc1ccc(C(c2ccc(O)cc2)(C(F)(F)F)C(F)(F)F)cc1,0
Brc1ccc(Oc2ccccc2)cc1,1
O=S1OCC2C(CO1)C1(Cl)C(Cl)=C(Cl)C2(Cl)C1(Cl)Cl,0
[C-]#N.[K+],1
CSc1nnc(C(C)(C)C)c(=O)n1N,1
Cc1ccc(C)cc1,0
Cc1nc(N(C)C)nc(OC(=O)N(C)C)c1C,1
ClCC(Cl)CCl,0
CCCCC(CC)COP(=O)(O)OCC(CC)CCCC,0
CCOP(=S)(OCC)ON=C(C#N)c1ccccc1,0
CCN(CC)c1nc(C)cc(OP(=S)(OC)OC)n1,1
c1ccc2[nH]c(-c3cscn3)nc2c1,1
CCCCSP(=O)(SCCCC)SCCCC,1
CNC(=O)Oc1cccc(N=CN(C)C)c1.Cl,1
CC(O)C(=O)O,0
Oc1c(O)c(Cl)c(Cl)c(Cl)c1Cl,0
O=[N+]([O-])c1cccc(Cl)c1,0
CSc1nc(NC2CC2)nc(NC(C)(C)C)n1,0
Cc1ccc(N)cc1N,0
Nc1c(Cl)c(Cl)nc(C(=O)O)c1Cl,0
CN1CSC(=S)N(C)C1,1
CNc1cnn(-c2cccc(C(F)(F)F)c2)c(=O)c1Cl,0
N#CSCSC#N,0
CC(C)c1cccc(C(C)C)c1N,0
COc1ccc(N)cc1,0
CCCCCCCCCCCCCCCC[n+]1ccccc1.[Cl-],0
CC(=O)O,0
CN(C)C(CSC(N)=O)CSC(N)=O.Cl,1
O=Cc1ccccc1O,0
CON(C)C(=O)Nc1ccc(Cl)cc1,0
ClC(Cl)=C(Cl)C(Cl)=C(Cl)Cl,1
CNC(=O)Oc1ccccc1C(C)C,0
CCCC(=O)O,0
COP(N)(=O)SC,1
Clc1cccc(Cl)c1,0
O=[N+]([O-])c1c(Cl)c(Cl)cc(Cl)c1Cl,1
CCOP(=S)(OCC)Oc1nc(Cl)c(Cl)cc1Cl,0
CC(C)(C)CC(C)(C)c1ccc(O)cc1,1
CCOP(=S)(CC)Sc1ccccc1,1
S=C1SSC2=NCCN12,1
CCCCOCCOC(=O)COc1ccc(Cl)cc1Cl,0
O=Cc1ccccc1,0
CNC(=O)ON=C(C)SC,1
CCCCCl,0
CC(O)(c1ccc(Cl)cc1)c1ccc(Cl)cc1,1
CCSCCSCC,0
Cc1cc([N+](=O)[O-])cc([N+](=O)[O-])c1O,0
COc1cc(Cl)c(Cl)cc1O,0
CCCN(CCC)C(=O)SCC,0
c1ccc2cnccc2c1,0
CSC(C)=NOC(=O)N(C)SN(C)C(=O)ON=C(C)SC,1
CC1(C)C(C=C(Cl)Cl)C1C(=O)OCc1cccc(Oc2ccccc2)c1,0
O=[N+]([O-])c1c(Cl)c(Cl)cc(Cl)c1Cl,0
O=S1(=O)OCC2C(CO1)C1(Cl)C(Cl)=C(Cl)C2(Cl)C1(Cl)Cl,1
O=C(O)Cc1c(Cl)ccc(Cl)c1Cl,0
CCOC(=O)CC(SP(=S)(OC)OC)C(=O)OCC,0
CCC(=O)O,0
O=C1c2ccccc2C(=O)C1C(=O)C(c1ccccc1)c1ccc(Cl)cc1,1
CCCCOCCO,0
Cc1c(F)c(F)c(COC(=O)C2C(C=C(Cl)C(F)(F)F)C2(C)C)c(F)c1F,1
c1ccc2ccccc2c1,1
Oc1ccc(Cl)c(Cl)c1,0
Cc1cc(C)c2ccccc2c1,1
O=C1c2cccc(O)c2C(=O)c2c(O)cccc21,1
COC(=O)c1c(C(F)F)nc(C(F)(F)F)c(C2=NCCS2)c1CC(C)C,0
CN(C)C(CSC(N)=O)CSC(N)=O.Cl,0
CSc1nc(NC(C)C)nc(NC(C)C)n1,1
Oc1ccccc1Cl,0
CCOP(=S)(OCC)SCSCC,1
Clc1ccc(Cl)cc1,0
O=C1C2(Cl)C3(Cl)C4(Cl)C(Cl)(Cl)C5(Cl)C3(Cl)C1(Cl)C5(Cl)C24Cl,1
Cc1cc(O)cc(C)c1Cl,0
Cn1sc(Cl)cc1=O,0
ClCC1CO1,0
Cc1ccc(C)c(O)c1,0
ClC(Cl)(Cl)Cl,0
CCOP(=S)(OCC)Oc1ccc(S(C)=O)cc1,1
O=C(O)CN(CCN(CC(=O)O)CC(=O)O)CC(=O)O,0
[C-]#N.[K+],0
CC=CC=O,0
OCC(Cl)(Cl)Cl,0
Oc1c(Cl)cc(Cl)cc1Cl,0
CCCSC(=O)N(CCC)CCC,0
CCN1CN(CC)CN(CC)C1,0
CCOP(=S)(NC(C)C)Oc1ccccc1C(=O)OC(C)C,1
C=CC=O,1
Nc1ccccc1Cl,0
O=[N+]([O-])c1cccc(Cl)c1Cl,0
COCC(C)N(C(=O)CCl)c1c(C)csc1C,0
COC(=O)c1ccccc1S(=O)(=O)NC(=O)N(C)c1nc(C)nc(OC)n1,0
CCCC(=O)[O-].[Na+],0
CCSC(=O)N1CCCCCC1,1
CC(=O)Oc1ccccc1C(=O)O,0
O=c1nc([O-])n(Cl)c(=O)n1Cl.[K+],1
CCCCCCCCO,0
CC(C)OP(=O)(OC(C)C)SCc1ccccc1,0
CC(C)(C)CC(C)(C)c1ccc(OCCOCC[N+](C)(C)Cc2ccccc2)cc1.[Cl-],0
Cc1cc([N+](=O)[O-])cc([N+](=O)[O-])c1O,1
O=Cc1ccccc1C=O,1
CN1CCCC1,0
CNC(=O)CSP(=S)(OC)OC,1
CCCC=O,0
O=C(O)C=C(F)C(F)(F)C(F)(F)C(F)(F)C(F)(F)C(F)(F)C(F)(F)C(F)(F)F,0
CC1COCc2cc3c(cc21)C(C)(C)C(C)C3(C)C,0
CCOP(=S)(Oc1cnc(C(C)(C)C)nc1)OC(C)C,1
OCCOCCO,0
O=[N+]([O-])c1cccc([N+](=O)[O-])c1,0
CCNc1nc(NC(C)(C)C)nc(OC)n1,0
COC(=O)C(C)Oc1ccc(Oc2ccc(Cl)cc2Cl)cc1,1
CCCCOC(=O)c1ccccc1C(=O)OCCCC,1
O=[N+]([O-])c1ccc(Oc2ccc(Cl)cc2Cl)cc1,0
Cc1cc(NS(=O)(=O)c2ccc(N)cc2)no1,0
CCCCOCCOCCO,0
Nc1ccc(Cl)c(Cl)c1Cl,0
CCCCOCCCC,0
Nc1cc([N+](=O)[O-])cc([N+](=O)[O-])c1,0
CNC(=O)Oc1ccccc1OC(C)C,1
N#CC(CCc1ccc(Cl)cc1)(Cn1cncn1)c1ccccc1,0
C1COCCN1,0
CC(C)(C)C(O)C(Cc1ccc(Cl)cc1)n1cncn1,0
CC(C)NCC(O)COc1cccc2ccccc12.Cl,1
Brc1ccccc1,0
CNC(=O)ON=C(SC)C(=O)N(C)C,0
CCOC(=O)NCCOc1ccc(Oc2ccccc2)cc1,0
CCOP(=S)(OCC)OP(=S)(OCC)OCC,1
CC(C)=CC1C(C(=O)OC(C#N)c2cccc(Oc3ccccc3)c2)C1(C)C,1
OCC#CCO,0
Cc1ccc(N)cc1[N+](=O)[O-],0
CCOC(=O)c1ccccc1C(=O)OCC,0
CCOP(=O)(OCC)Oc1ccc([N+](=O)[O-])cc1,1
N#Cc1cc(Br)c(O)c(Br)c1,1
COP(=O)(OC)Oc1ccc([N+](=O)[O-])cc1,1
Cc1ccc(O)cc1C,0
N#CSCSc1nc2ccccc2s1,1
Nc1ccc(O)cc1,1
Cc1cc(N)c([N+](=O)[O-])cc1[N+](=O)[O-],0
CN1CSC(=S)N(C)C1,0
NCCO.O=C(Nc1ccc([N+](=O)[O-])cc1Cl)c1cc(Cl)ccc1O,0
ClC(Cl)C(Cl)Cl,0
CNC(=O)CSP(=O)(OC)OC,1
CCOP(=S)(OCC)Oc1ncn(-c2ccccc2)n1,1
O=S(=O)(c1ccc(Cl)cc1)c1cc(Cl)c(Cl)cc1Cl,0
CC1=CCC2CC1C2(C)C,0
Cc1cc(C)n(CO)n1,0
OCCOCCOCCO,0
O=C(NC(=O)c1c(F)cccc1F)Nc1ccc(OC(F)(F)C(F)OC(F)(F)F)c(Cl)c1,1
Cc1cccc(O)c1C,0
O=C1c2ccccc2C(=O)c2c1ccc(O)c2O,0
ClC1=C(Cl)C2(Cl)C3C(Cl)C=CC3C1(Cl)C2(Cl)Cl,1
CC(C)=CC1C(C(=O)OCc2coc(Cc3ccccc3)c2)C1(C)C,1
Nc1cccc(Cl)c1,1
BrC=C(Br)Br,0
CNc1ccccc1,1
O=S1(=O)OCC2C(CO1)C1(Cl)C(Cl)=C(Cl)C2(Cl)C1(Cl)Cl,0
C=CC(=O)OCC,0
CC(C)C(O)(c1ccc(OC(F)(F)F)cc1)c1cncnc1,0
CCCN(CCC)c1c([N+](=O)[O-])cc(C(F)(F)F)cc1[N+](=O)[O-],0
C=CCO,1
C=C(Cl)Cl,0
O=C(O)C(Cl)(Cl)Cl,0
N#C[S-].[Na+],1
CCCCOC(=O)C(C)Oc1ccc(Oc2ccc(C(F)(F)F)cn2)cc1,0
Clc1ccccc1Cl,0
CCOP(=S)(OCC)SCCSCC,1
O=c1n(Cl)c(=O)n(Cl)c(=O)n1Cl,1
Oc1ccc(Cl)cc1,0
CC(=O)CC(C)(C)O,0
CN(C)C(=O)C(c1ccccc1)c1ccccc1,0
CC(C)CO,0
C=CCCCCCC,0
CCCN(CCCl)c1c([N+](=O)[O-])cc(C(F)(F)F)cc1[N+](=O)[O-],1
CC(C)OP(=S)(OC(C)C)SCCNS(=O)(=O)c1ccccc1,0
OC(Cn1cncn1)(c1ccc(F)cc1)c1ccccc1F,0
Cc1cc(C)c(O)c(C)c1,0
CC1(C)C(=O)N(Cl)C(=O)N1Cl,1
CCOC(=O)CC,0
CC1(C)C(=O)N(Cl)C(=O)N1Br,0
CC(C)N1C(=O)N(c2ccccc2)CSC1=NC(C)(C)C,1
CC(C)(C)c1ccc(CCOc2ncnc3ccccc23)cc1,1
CN(C)C(=O)N(C)C,0
CCOC(=S)[S-].[Na+],1
CC(COc1ccc(C(C)(C)C)cc1)OS(=O)OCCCl,1
c1ccc2c(c1)ccc1ccccc12,0
ClCCOCOCCCl,0
c1ccc2nc3ccccc3cc2c1,0
CC(C)(C)C(O)C(Oc1ccc(-c2ccccc2)cc1)n1cncn1,0
CC(C)=CC1C(C(=O)OCN2C(=O)C3=C(CCCC3)C2=O)C1(C)C,1
CCN(CC)C(=O)C(Cl)=C(C)OP(=O)(OC)OC,1
CCCCCCCCn1sccc1=O,1
Oc1ccccc1-c1ccccc1,0
O=c1nc([O-])n(Cl)c(=O)n1Cl.[Na+],1
O=[N+]([O-])OCC(CO[N+](=O)[O-])O[N+](=O)[O-],0
Cc1ccc(C(C)C)c(O)c1,0
CCCCCCCC(=O)Oc1c(Br)cc(C#N)cc1Br,0
CN1CCCC1=O,0
CON(C)C(=O)Nc1ccc(Cl)c(Cl)c1,1
CCCCC(CC)COC(=O)c1ccccc1C(=O)OCC(CC)CCCC,0
CCCCOC(=O)C(C)O,0
CC(C)O,0
CSC(=O)c1c(C(F)F)nc(C(F)(F)F)c(C(=O)SC)c1CC(C)C,0
CCCCCCCCCCN,1
CC(C)C(=O)Nc1ccc([N+](=O)[O-])c(C(F)(F)F)c1,0
Cc1ccc(NC(=O)N(C)C)cc1Cl,1
COC(=O)C1(Cl)CCCC2(C)c3ccc(C(C)C)cc3CCC12,1
CCNc1nc(NCC)nc(SC)n1,0
O=[N+]([O-])c1ccc(Cl)cc1Cl,0
Cc1cccc([N+](=O)[O-])c1,0
CCCCCCCCC=CCCCCCCCC(=O)[O-].[K+],0
Clc1ccc(C(c2ccc(Cl)cc2)C(Cl)Cl)cc1,1
CCOC(=O)C(C)OC(=O)c1cc(Oc2ccc(C(F)(F)F)cc2Cl)ccc1[N+](=O)[O-],1
N#Cc1c(Cl)c(Cl)c(Cl)c(C#N)c1Cl,0
O=C([O-])O.[Na+],0
O=[p+]1oc2ccccc2c2ccccc21,0
Cn1sc(Cl)cc1=O,1
CCCCNC(=O)n1c(NC(=O)OC)nc2ccccc21,1
CC(C)NC(=O)N1CC(=O)N(c2cc(Cl)cc(Cl)c2)C1=O,1
O=[N+]([O-])OCCOCCO[N+](=O)[O-],0
C1COCCO1,0
CN(C)C1C(=O)C(C(N)=O)=C(O)C2(O)C(=O)C3=C(O)c4c(O)ccc(Cl)c4C(C)(O)C3CC12,0
N#CCCC(Br)(C#N)CBr,0
CON=C(C1=NOCCO1)c1ccccc1Oc1ncnc(Oc2ccccc2Cl)c1F,1
CCNc1nc(NC(C)(C)C)nc(SC)n1,0
CCCOCCN(C(=O)CCl)c1c(CC)cccc1CC,0
N#Cc1cccc([N+](=O)[O-])c1,0
CCOP(=O)(OCC)Oc1cc(C)nc(C(C)C)n1,1
COc1nn(CSP(=S)(OC)OC)c(=O)s1,1
O=[N+]([O-])c1ccc(O)c([N+](=O)[O-])c1,1
Cn1sc2ccccc2c1=O,1
C=CC1(C)OC(=O)N(c2cc(Cl)cc(Cl)c2)C1=O,0
S=c1[nH]c2ccccc2s1,0
CN(c1c(Br)cc(Br)cc1Br)c1c([N+](=O)[O-])cc([N+](=O)[O-])cc1C(F)(F)F,1
CCC(CC)Nc1c([N+](=O)[O-])cc(C)c(C)c1[N+](=O)[O-],1
CCC(=O)Nc1ccc(Cl)c(Cl)c1,1
CC(=O)O.CCCCCCCCCCCCN=C(N)N,1
CC(C)Oc1cc(-n2nc(C(C)(C)C)oc2=O)c(Cl)cc1Cl,1
COC(=O)Nc1cccc(OC(=O)Nc2cccc(C)c2)c1,0
Cc1c([N+](=O)[O-])ccc([N+](=O)[O-])c1[N+](=O)[O-],1
COc1ccc(CCN(C)CCCC(C#N)(c2ccc(OC)c(OC)c2)C(C)C)cc1OC.Cl,0
CC(=O)CC(C)C,0
Brc1ccc(Oc2ccc(Br)cc2Br)c(Br)c1,1
O=[N+]([O-])c1ccc(O)cc1C(F)(F)F,0
NC(=O)c1c(Cl)cccc1Cl,0
c1ccc2sccc2c1,0
CCOCN(C(=O)CCl)c1c(C)cccc1CC,0
C=C1CCC2CC1C2(C)C,0
CCCCOCCOC(=O)C(C)Oc1cc(Cl)c(Cl)cc1Cl,0
CCCCC(CC)COC(=O)C(C)O,0
CCOP(=O)(SC(C)CC)N1CCSC1=O,1
ClNc1nc(NCl)nc(NCl)n1,0
N#CN=C1SCCN1Cc1ccc(Cl)nc1,0
COC=C(C(=O)OC)c1ccccc1Oc1cc(Oc2ccccc2C#N)ncn1,0
Cc1ccc2ccccc2c1,0
N#Cc1c[nH]cc1-c1cccc2c1OC(F)(F)O2,1
CCCCCC=O,0
Cc1nn(C)c(Oc2ccccc2)c1C=NOCc1ccc(C(=O)OC(C)(C)C)cc1,1
C=CCCCC,0
CC(C)(c1ccc(O)cc1)c1ccc(O)cc1,1
CC(C)N1C(=O)c2ccccc2[N-]S1(=O)=O.[Na+],0
CCN,0
CCCCCCCCCCCCN,1
Nc1ccc(Cl)cc1,0
O=C(O)COc1nc(Cl)c(Cl)cc1Cl,0
COc1ccc(C2Sc3ccccc3N(CCN(C)C)C(=O)C2OC(C)=O)cc1,0
CCOC(=O)C(C)OC(=O)c1cc(Oc2ccc(C(F)(F)F)cc2Cl)ccc1[N+](=O)[O-],0
CN(C)C(=S)[S-].[K+],1
CP(=O)(O)CCC(N)C(=O)O.N,0
Cc1ccccc1N,1
NC12CC3CC(CC(C3)C1)C2,0
Clc1ccccc1Cl,1
CCSC(=O)N(CC)C1CCCCC1,0
CCNc1nc(NC(C)C)nc(SC)n1,1
Cc1cc(C2CC2)nc(Nc2ccccc2)n1,1
CCOP(=S)(OCC)SCn1c(=O)oc2cc(Cl)ccc21,0
NC(=O)N1c2ccccc2C=Cc2ccccc21,0
CCNc1nc(Cl)nc(NCC)n1,1
O=C(O)C(F)(F)C(F)(F)C(F)(F)C(F)(F)C(F)(F)C(F)(F)C(F)(F)C(F)(F)C(F)(F)F,0
Cc1cccc(O)c1,0
NCCO,0
O=Cc1c([N+](=O)[O-])cc([N+](=O)[O-])cc1[N+](=O)[O-],0
Cc1ccc(C(C)C)cc1,0
CN1C(=O)CN=C(c2ccccc2)c2cc(Cl)ccc21,0
O=C(O)C1(C(=O)Nc2ccc(Cl)cc2Cl)CC1,0
CCc1ccc(N)cc1,0
CCC(C)c1ccccc1OC(=O)NC,1
CC(C)NC(C)C,0
O=C(Nc1cccc(Cl)c1)OCC#CCCl,0
OC(c1ccc(Cl)cc1)(c1cncnc1)c1ccccc1Cl,0
O=NN(c1ccccc1)c1ccccc1,0
CNC(=O)Oc1cccc2c1OC(C)(C)O2,1
ClC(Cl)=C(c1ccc(Cl)cc1)c1ccc(Cl)cc1,0
Cc1ccc(Cl)cc1[N+](=O)[O-],0
O=C1c2ccccc2C(=O)N1SC(Cl)(Cl)Cl,1
Cc1ccc([N+](=O)[O-])c(N)c1,0
O=C1C2CC=CCC2C(=O)N1SC(Cl)(Cl)Cl,1
CC1(C)C(=O)N(Cl)C(=O)N1Br,1
CCCCCCCCCCCC(=O)NCCC[N+](C)(C)CC(=O)[O-],0
Nc1ccc(-c2ccc(N)cc2)cc1,0
C=CC#N,0
C#CC1(O)CCC2C3CCc4cc(O)ccc4C3CCC21C,0
COP(=O)(OC)OC(Br)C(Cl)(Cl)Br,1
Nc1ccc(Cl)cc1Cl,1
O=[N+]([O-])c1cc([N+](=O)[O-])c2conc2c1,1
COc1cc(OC)nc(NC(=O)NS(=O)(=O)c2cc(CNS(C)(=O)=O)ccc2C(=O)O)n1,0
CC1=C(C(=O)Nc2ccccc2)SCCO1,0
CC(C)c1ccc2c(c1)CCC1C(C)(C(=O)O)CCCC21C,0
CC(C)NCC(O)COc1cccc2ccccc12.Cl,0
CCCCCOC(=S)[S-].[K+],0
COC(=O)C=C(C)OP(=O)(OC)OC,1
OCCN(CCO)CCO,0
CSC1=NC(C)(c2ccccc2)C(=O)N1Nc1ccccc1,1
CCCCCCCCCCc1ccc(N)cc1,1
Clc1ccc(Cl)cc1,1
CCSC(=O)N1CCCCCC1,0
CCCc1ccccc1,0
CN(C)C(CSC(N)=O)CSC(N)=O,1
CON=C(C(=O)OC)c1ccccc1COc1ccccc1C,1
CCCCNC(=O)n1c(NC(=O)OC)nc2ccccc21,0
CNC.O=C(O)COc1ccc(Cl)cc1Cl,0
C#CCO,0
CCCCCCCCCCCCCCCC[N+](C)(C)C.[Cl-],1
O=[N+]([O-])c1ccccc1O,0
Cl.Cl.Cl.Cl.NCCCNCCCCNCCCN,0
CCCN(CCC)c1c([N+](=O)[O-])cc(S(C)(=O)=O)cc1[N+](=O)[O-],1
C=CCCl,0
CNC(=O)Oc1cc(C)c(SC)c(C)c1,1
ClC1=C(Cl)C2(Cl)C3C(Cl)C(Cl)CC3C1(Cl)C2(Cl)Cl,1
CN(C)P(=O)(N(C)C)N(C)C,0
CC1=CC(=O)CC(C)(C)C1,0
CC(C)=CCCC(C)=CCN(CC=C(C)CCC=C(C)C)CCO,1
O=c1[nH]sc2ccccc12,1
[Na+].[S-]c1nc2ccccc2s1,0
Cc1ccccc1C,0
C=C(C)CN(CC)c1c([N+](=O)[O-])cc(C(F)(F)F)cc1[N+](=O)[O-],1
Cc1ccc(-c2c(Cl)nc(C#N)n2S(=O)(=O)N(C)C)cc1,1
Clc1cc(Cl)c(Cl)c(Cl)c1,0
CC(COc1ccc(Oc2ccccc2)cc1)Oc1ccccn1,1
CCCCOCN(C(=O)CCl)c1c(CC)cccc1CC,0
CC(C)OC(=O)Nc1ccccc1,0
N#CC(Br)(Br)C(N)=O,1
CCSC(C)CC1CC(=O)C(C(CC)=NOCC=CCl)=C(O)C1,0
CCOC(=O)CSc1nc(C(C)(C)C)nn1C(=O)N(C)C,1
Nc1ccccc1,0
CC(=O)OC(C)(C)C,0
CNC.O=C(O)CCCOc1ccc(Cl)cc1Cl,0
CCON=C(CC)C1=C(O)CC(c2c(C)cc(C)cc2C)CC1=O,0
O=C([O-])c1cc(Oc2ccc(C(F)(F)F)cc2Cl)ccc1[N+](=O)[O-].[Na+],0
COc1ccccc1[N+](=O)[O-],0
Oc1cc(Cl)c(Cl)c(Cl)c1Cl,0
ClCCCl,0
CC(=NC#N)N(C)Cc1ccc(Cl)nc1,1
O=C(c1ccccc1)c1ccccc1,1
CCNC(=O)NC(=O)C(C#N)=NOC,1
Nc1ccc(S(=O)(=O)Nc2ccc(Cl)nn2)cc1,0
Oc1ccc(Cl)cc1Cc1ccccc1,1
Oc1c(Cl)cc(Cl)c(Cl)c1Cl,1
CCCSP(=S)(OCC)Oc1ccc(SC)cc1,1
O=C(O)CCCCC(=O)O,0
CCNc1nc(Cl)nc(N(CC)CC)n1,0
CNC1CCC(c2ccc(Cl)c(Cl)c2)c2ccccc21.Cl,1
S=C(Nc1ccccc1)Nc1ccccc1,0
CCN(CC)C(=O)c1cccc(C)c1,0
CC(C)OC(=O)Nc1cccc(Cl)c1,0
CCOC1Oc2ccc(OS(C)(=O)=O)cc2C1(C)C,0
CCCCN(CC)C(=O)SCCC,0
C=CCON=C(CCC)[C-]1C(=O)CC(C)(C)C(C(=O)OC)C1=O.[Na+],0
CCCCCCCCCCBr,1
COc1ccc(C(c2ccc(OC)cc2)C(Cl)(Cl)Cl)cc1,0
Cc1ccc([N+](=O)[O-])cc1,0
COP(=O)(NC(C)=O)SC,0
Cc1ccc(N(SC(F)(Cl)Cl)S(=O)(=O)N(C)C)cc1,1
Cc1ccccc1[N+](=O)[O-],0
CC(C)C1(C)N=C(c2nc3ccccc3cc2C(=O)O)NC1=O,0
Nc1ccccc1[N+](=O)[O-],0
CCNC(=O)NC(=O)C(C#N)=NOC,0
Nc1nc(N)nc(NC2CC2)n1,0
Cc1cc(C(C)(C)C)c(O)c(C(C)(C)C)c1,0
CCN(CC)c1ccc(N)c(C)c1.Cl,1
CCCCOCCOC(=O)COc1nc(Cl)c(Cl)cc1Cl,1
Cc1cc(C)cc(O)c1,0
CCOC(=O)C(C)Oc1ccc(Oc2nc3ccc(Cl)cc3o2)cc1,0
CSC(=O)c1cccc2nnsc12,0
CCCCOC(=O)COc1ccc(Cl)cc1Cl,0
Cc1c([N+](=O)[O-])cccc1[N+](=O)[O-],0
CCc1nn(C)c(C(=O)NCc2ccc(C(C)(C)C)cc2)c1Cl,1
c1ccc2cnncc2c1,0
CNC.COc1c(Cl)ccc(Cl)c1C(=O)O,0
O=C(O)c1cn(C2CC2)c2cc(N3CCNCC3)c(F)cc2c1=O,0
CCOP(=O)(OCC)OC(=CCl)c1ccc(Cl)cc1Cl,0
CCCCOc1ccccc1,0
CC(C)(C)c1ccc(O)cc1,0
Oc1ccc(Cl)c(O)c1,0
O=C(O)CCC(F)(F)C(F)(F)C(F)(F)C(F)(F)C(F)(F)C(F)(F)C(F)(F)F,0
Fc1ccc(Oc2ccnc3cc(Cl)cc(Cl)c23)cc1,1
Cc1cc(O)ccc1[N+](=O)[O-],0
Nc1c(Cl)cc([N+](=O)[O-])cc1Cl,0
O=CCCCC=O,0
NC(N)=O,0
COc1c(Cl)ccc(Cl)c1C(=O)[O-].[K+],0
CCC=O,0
CC1(C)C(=O)N(CO)C(=O)N1CO,0
O=[N+]([O-])C=C1NCCCS1,0
CCOCCOCCOC(=O)Nc1nc2ccccc2[nH]1,0
Nc1ccc(Cl)c(Cl)c1Cl,1
Cc1c([N+](=O)[O-])ccc(N)c1[N+](=O)[O-],0
CCCC1COC(Cn2cncn2)(c2ccc(Cl)cc2Cl)O1,1
NCCO.O=C(O)c1nc(Cl)ccc1Cl,0
Oc1cccc(Cl)c1Cl,0
CC1(C)CN=C(NN=C(C=Cc2ccc(C(F)(F)F)cc2)C=Cc2ccc(C(F)(F)F)cc2)NC1,0
CCCCCCCCCCCCC1=C(OC(C)=O)C(=O)c2ccccc2C1=O,1
c1ccc2c(c1)oc1ccccc12,0
Cc1[nH]c(=O)n(C(C)(C)C)c(=O)c1Cl,0
Cc1cc(O)c([N+](=O)[O-])cc1[N+](=O)[O-],0
CC1COC(Cn2cncn2)(c2ccc(Oc3ccc(Cl)cc3)cc2Cl)O1,1
CCCCCCCCC=CCCCCCCCC(=O)[O-].[K+],1
O=C(O)CCCOc1ccc(Cl)cc1Cl,0
CNCCC(Oc1ccc(C(F)(F)F)cc1)c1ccccc1,0
C1CO1,0
CN(C)C(=S)[S-].[Na+],1
C#CCC1=C(C)C(OC(=O)C2C(C=C(C)C)C2(C)C)CC1=O,1
CCCCCCCCn1sc(Cl)c(Cl)c1=O,0
C1N2CN3CN1CN(C2)C3,0
O=C1C=CC(=O)C=C1,0
COc1c(O)cc(Cl)c(Cl)c1Cl,1
CNc1nc(NC(C)C)nc(SC)n1,0
CCCCCCCCCCCCCCCC[n+]1ccccc1.[Cl-],1
CC(C)C1(C)N=C(c2ncccc2C(=O)O)NC1=O.CC(C)N,0
CCOC(=O)CC(SP(=O)(OC)OC)C(=O)OCC,1
O=C(O)C=CC(=O)O,0
NC1CCCCC1,0
Cc1cc(Cl)ccc1OCCCC(=O)[O-].[Na+],0
Cc1c([N+](=O)[O-])cc(N)cc1[N+](=O)[O-],0
CC=CCCCCC,0
CCOC(=O)C1=NN(c2ccc(Cl)cc2Cl)C(C)(C(=O)OCC)C1,0
CCCCOC(=O)C(C)Oc1ccc(Oc2ccc(C#N)cc2F)cc1,1
Oc1c(Cl)cc(Cl)c(Cl)c1Cc1c(O)c(Cl)cc(Cl)c1Cl,1
CCC1OC2(CCC1C)CC1CC(CC=C(C)CC(C)C=CC=C3COC4C(O)C(C)=CC(C(=O)O1)C34O)O2,1
Cc1c([N+](=O)[O-])ccc([N+](=O)[O-])c1N,0
Oc1ccc(Cl)c(Cl)c1Cl,0
O=S(=O)(O)c1cc(Cl)ccc1Oc1ccc(Cl)cc1N=C([O-])Nc1ccc(Cl)c(Cl)c1.[Na+],0
CCC(C)O,0
C=CC=O,0
Clc1cccc(-c2ccccc2)c1,1
Cc1cc(Cl)ccc1OCC(=O)[O-].[Na+],0
CC(C)C1CCC(Cc2ccc(Cl)cc2)C1(O)Cn1cncn1,0
CCNS(=O)(=O)C(F)(F)C(F)(F)C(F)(F)C(F)(F)C(F)(F)C(F)(F)C(F)(F)C(F)(F)F,1
CC1(C)C(C(=O)OC(C#N)c2cccc(Oc3ccccc3)c2)C1(C)C,0
Cc1c(N)cccc1[N+](=O)[O-],0
Clc1cc(Cl)cc(C2(CC(Cl)(Cl)Cl)CO2)c1,1
c1ccc(Nc2ccccc2)cc1,1
C#CCOc1ccc(CCNC(=O)C(OCC#C)c2ccc(Cl)cc2)cc1OC,0
CC(C)c1cc([N+](=O)[O-])cc([N+](=O)[O-])c1O,0
COc1c(O)c(Cl)c(Cl)c(Cl)c1Cl,1
COc1cc(Cl)c(OC)cc1Cl,0
O=[N+]([O-])c1cccc(O)c1,0
Cc1ccc(N)cc1Cl.Cl,1
Cc1cc(Cl)ccc1O,0
Oc1ccc2ccccc2c1,0
C=CC(C)(O)CCC=C(C)C,0
CCOc1cc(Oc2ccc(C(F)(F)F)cc2Cl)ccc1[N+](=O)[O-],1
c1cc2c3c(cccc3c1)CC2,0
CCOC(=O)Cc1cccc2ccccc12,0
BrC(Br)Br,0
C=C(C)C1CC=C(C)CC1,1
O=C(O)c1cccc(Cl)n1,0
CC=O,0
O=C(O)c1ccccc1C(=O)Nc1cccc2ccccc12,0
CNC(=O)N(C)c1nnc(C(C)(C)C)s1,0
Cc1ccc2nc3sc(=O)sc3nc2c1,1
Cc1cc([N+](=O)[O-])cc([N+](=O)[O-])c1,0
Clc1cccc(Cl)c1Cl,1
C=CC(C)(O)CCC=C(C)CCC=C(C)C,0
COc1c(Cl)ccc(Cl)c1C(=O)[O-].[Na+],0
CC(O)CC(C)(C)O,0
Cc1cc(Cl)ccc1O,1
Nc1ccc([N+](=O)[O-])cc1[N+](=O)[O-],0
Cc1cc(C)c2ccccc2c1,0
CC(Cl)(Cl)C(=O)O,0
CCCCOC(=O)c1ccccc1C(=O)OCc1ccccc1,1
O=c1nc([O-])n(Cl)c(=O)n1Cl.[Na+],0
C1=CCCCC1,0
CC(=O)c1ccccc1O,0
O=C(Nc1ccccc1-c1ccc(Cl)cc1)c1cccnc1Cl,0
N#Cc1ccc([N+](=O)[O-])cc1,0
CN(C)NC(=O)CCC(=O)O,0
CC1=C(C(=O)Nc2ccccc2)S(=O)(=O)CCO1,0
CCc1nn(C)c(C(=O)NCc2ccc(Oc3ccc(C)cc3)cc2)c1Cl,1
O=c1ssc(Cl)c1Cl,1
CC12CCC3c4ccc(O)cc4CCC3C1CCC2O,1
COc1ccc(NC(=O)N(C)C)cc1Cl,0
CCOC(=O)C(O)(c1ccc(Cl)cc1)c1ccc(Cl)cc1,1
O=C1CCCCC1,0
C1COCO1,0
O=C([O-])Cc1c(Cl)ccc(Cl)c1Cl.[Na+],0
C=COC(C)=O,0
CCN(CC)C(=O)C(C)Oc1cccc2ccccc12,0
O=S(=O)([O-])C(F)(F)C(F)(F)C(F)(F)C(F)(F)F.[K+],0
O=C(Nc1cccc(Cl)c1)OCC#CCCl,1
Cc1cc(O)ccc1Cl,0
CCNS(=O)(=O)C(F)(F)C(F)(F)C(F)(F)C(F)(F)C(F)(F)C(F)(F)C(F)(F)C(F)(F)F,0
CCCSP(=O)(OCC)SCCC,0
Clc1cccc2ccccc12,0
CC(C)OC(=S)[S-].[Na+],0
Clc1nc(Cl)nc(Nc2ccccc2Cl)n1,1
N#Cc1ccccc1,0
CC(O)CSS(C)(=O)=O,0
CC(N)=S,0
COCCCNc1nc(NC(C)C)nc(SC)n1,0
CCN(Cc1c(F)cccc1Cl)c1c([N+](=O)[O-])cc(C(F)(F)F)cc1[N+](=O)[O-],0
COc1ccc(-c2ccccc2)cc1NNC(=O)OC(C)C,1
c1ccc2cccc-2cc1,0
C1OCOCO1,0
C=CCO,0
CCOP(=S)(OCC)Oc1ccc(=O)n(-c2ccccc2)n1,1
CNC,0
CC=CC1C(C(=O)OCc2c(F)c(F)c(COC)c(F)c2F)C1(C)C,1
CCCCC(CC)COC(=O)COc1ccc(Cl)cc1Cl,1
c1ccc(C2CO2)cc1,0
CNC(=O)Oc1cccc2c1OC(C)(C)C2,0
CNCCC(Oc1ccc(C(F)(F)F)cc1)c1ccccc1.Cl,0
C=CCCCCCCC,0
CCCCCCCCc1ccc(N)cc1,1
CS(C)=O,0
O=C1c2ccccc2C(=O)c2c(O)ccc(O)c21,1
CNC1CCC(c2ccc(Cl)c(Cl)c2)c2ccccc21.Cl,0
CCOP(=S)(OCC)Oc1cc(-c2ccccc2)on1,1
CCC(C)Nc1c([N+](=O)[O-])cc(C(C)(C)C)cc1[N+](=O)[O-],1
C#CCOS(=O)OC1CCCCC1Oc1ccc(C(C)(C)C)cc1,1
CCNc1nc(Cl)nc(NC(C)(C)C#N)n1,1
CCCCCCCN,0
Cc1cc(C)c([N+](=O)[O-])cc1[N+](=O)[O-],0
CNC1CCC(c2ccc(Cl)c(Cl)c2)c2ccccc21,1
CCN(CC)C(=S)SSC(=S)N(CC)CC,1
Cc1cc(Cl)ccc1OCC(=O)O,0
CC(C)(OO)c1ccccc1,0
ClC1(Cl)C2(Cl)C3(Cl)C4(Cl)C(Cl)(Cl)C5(Cl)C3(Cl)C1(Cl)C5(Cl)C24Cl,0
Oc1cc(Cl)c(Cl)cc1O,0
Cc1cc(C)cc(C)c1,0
CCOC(=O)c1ccccc1S(=O)(=O)NC(=O)Nc1nc(Cl)cc(OC)n1,0
Oc1cccc(O)c1,1
CC1(C)C2CCC1(C)C(OC(=O)CSC#N)C2,0
CCOP(=S)(OCC)Oc1ccc(Cl)cc1Cl,1
CCCCCCCCCCSCCN.Cl,1
Nc1cccc([N+](=O)[O-])c1,0
CN=C=S,1
ClCc1ccccc1,0
ClCCOCCCl,0
N#CN=C1SCCN1Cc1ccc(Cl)nc1,1
ClNc1nc(NCl)nc(NCl)n1,1
Nc1cccc([N+](=O)[O-])c1,1
O=C1c2ccccc2C(=O)N1SC(Cl)(Cl)Cl,0
c1ccc2c(c1)Cc1ccccc1-2,0
CCN(CC)c1ccccc1,0
Nc1c(Cl)c(Cl)cc(Cl)c1Cl,1
CCNCC,0
ClCC(Cl)(Cl)Cl,0
c1ccc2c(c1)[nH]c1ccccc12,0
CCCN(CCC)c1c([N+](=O)[O-])cc(S(N)(=O)=O)cc1[N+](=O)[O-],0
CCOc1cc(Oc2ccc(C(F)(F)F)cc2Cl)ccc1[N+](=O)[O-],0
ClC=CCCl,1
c1ccc2c(c1)sc1ccccc12,1
CN(C)C1C(=O)C(C(N)=O)=C(O)C2(O)C(=O)C3=C(O)c4c(O)cccc4C(C)(O)C3C(O)C12.Cl,0
C#CCN1C(=O)COc2cc(F)c(N3C(=O)C4=C(CCCC4)C3=O)cc21,0
O=[N+]([O-])c1cc([N+](=O)[O-])cc([N+](=O)[O-])c1,0
CCCCCCCCOC(=O)C(C)O,0
CC(C)OP(C)(=O)OC(C)C,0
CCCCCOC(C)=O,0
COC(C)(C)CCCC(C)CC=CC(C)=CC(=O)OC(C)C,0
CC(C)OC(=O)COc1ccc(Cl)cc1Cl,0
O=C1c2ccccc2C(=O)c2ccccc21,1
COP(=S)(OC)Oc1nc(Cl)c(Cl)cc1Cl,1
COC(=O)Nc1nc2ccccc2[nH]1.O=P(O)(O)O,1
Cc1cc2cccc(C)c2cc1C,1
c1ccc2[nH]c(-c3cscn3)nc2c1,0
S=C1NCCN1,0
O=[N+]([O-])C(Br)(CO)CO,0
CN(C)C(=S)SC(=S)N(C)C,0
Clc1ccc(-c2ccccc2)cc1,1
Nc1ccc([N+](=O)[O-])cc1,0
CCc1ccc(C(=O)NN(C(=O)c2cc(C)cc(C)c2)C(C)(C)C)cc1,1
O=C1OC2(c3ccc([O-])cc3Oc3cc([O-])ccc32)c2ccccc21.[Na+].[Na+],0
Nc1ccncc1,0
CCCCCCCCCC(C)=O,1
O=C1C2CC=CCC2C(=O)N1SC(Cl)(Cl)C(Cl)Cl,0
NCCNCCN,0
BrCCBr,0
N#Cc1ccc(O)cc1,0
O=CC=Cc1ccccc1,0
O=C1C2CC=CCC2C(=O)N1SC(Cl)(Cl)Cl,0
COC(=O)C(Cl)Cc1ccc(Cl)cc1,1
CCCCC(=O)O,0
Oc1ccccc1,1
COC(=O)N(C(=O)N1COC2(C(=O)OC)Cc3cc(Cl)ccc3C2=N1)c1ccc(OC(F)(F)F)cc1,0
O=C1NCCN1,0
BrC1CCCCC1,0
COc1c(O)c(OC)c(Cl)c(Cl)c1Cl,0
CCCCC(CC)CN1C(=O)C2C3C=CC(C3)C2C1=O,0
CC(C)(Oc1ccc(Cl)cc1)C(=O)O,0
CC(Cc1ccc(C(C)(C)C)cc1)CN1CC(C)OC(C)C1,0
COc1c(O)c(Cl)c(Cl)c(Cl)c1Cl,0
O=C1OCCN1N=Cc1ccc([N+](=O)[O-])o1,1
ClC1=C(Cl)C2(Cl)C3C4OC4(Cl)C(Cl)C3C1(Cl)C2(Cl)Cl,0
Cn1sc2c(c1=O)CCC2,0
CC(Oc1ccc(Cl)cc1Cl)C(=O)O,0
O=C(O)Cc1ccccc1Nc1c(Cl)cccc1Cl,0
Cc1cc(NS(=O)(=O)c2ccc(N)cc2)no1,1
CC(C1CC1)C(O)(Cn1cncn1)c1ccc(Cl)cc1,0
Clc1ccc(Cl)c(Cl)c1,1
C=CCOC(Cn1ccnc1)c1ccc(Cl)cc1Cl,0
O=S(=O)([O-])C(F)(F)C(F)(F)C(F)(F)C(F)(F)C(F)(F)C(F)(F)C(F)(F)C(F)(F)F.[Li+],0
Clc1cc(Cl)c(Cl)c(Cl)c1,1
O=c1ssc(Cl)c1Cl,0
Clc1cccc(C(Cl)(Cl)Cl)n1,0
CCC(CO)(CO)CO,0
CCCCN,0
CCCCCCNCCCCCC,1
CNC1CCC(c2ccc(Cl)c(Cl)c2)c2ccccc21,0
CC1(c2ccc(Oc3ccccc3)cc2)OC(=O)N(Nc2ccccc2)C1=O,1
O=CCCCC=O,1
CCOCn1c(-c2ccc(Cl)cc2)c(C#N)c(Br)c1C(F)(F)F,1
[Na+].[O-]n1ccccc1=S,1
C=CCN=C=S,1
OC(c1ccc(Cl)cc1)(c1ccc(Cl)cc1)C(Cl)(Cl)Cl,1
Oc1c(Br)cc(Br)cc1Br,0
CCCCCCCCCCCCS(=O)(=O)[O-].[Na+],0
COP(=S)(OC)Oc1nc(Cl)n(C(C)C)n1,1
Nc1cc(Cl)c(Cl)cc1Cl,0
CCc1nc(N)nc(N)c1-c1ccc(Cl)cc1,0
O=[N+]([O-])c1c(Cl)c(Cl)c(Cl)c(Cl)c1Cl,1
[Na+].[O-]n1ccccc1=S,0
CCOP(=S)(CC)Sc1ccccc1,0
C#CCOS(=O)OC1CCCCC1Oc1ccc(C(C)(C)C)cc1,0
OCCOCCO,1
CN(C)c1nc(=O)n(C2CCCCC2)c(=O)n1C,1
O=C(Nc1ccc([N+](=O)[O-])cc1Cl)c1cc(Cl)ccc1O,1
CCOC(=O)Nc1cccc(OC(=O)Nc2ccccc2)c1,0
CC(C)C(C(=O)OC(C#N)c1cccc(Oc2ccccc2)c1)c1ccc(OC(F)F)cc1,1
CN(C)CCOC(c1ccccc1)c1ccccc1.Cl,1
CC(C)N.O=C(O)COc1ccc(Cl)cc1Cl,0
CCOP(=O)(SC(C)CC)SC(C)CC,1
Oc1ccc(Cl)c(O)c1,1
CC1(C)COCN1,0
ClC1=C(Cl)C2(Cl)C3C4OC4C(Cl)C3C1(Cl)C2(Cl)Cl,1
CC1(C)CON(Cc2ccccc2Cl)C1=O,0
CCCCOCCOC(=O)C(C)Oc1ccc(Cl)cc1Cl,1
ClC=CC[N+]12CN3CN(CN(C3)C1)C2.[Cl-],0
CCS(=O)CCSP(=O)(OC)OC,1
O=C(O)CC(=O)O,0
CCCCCCCCSCCO,1
CCCCC(CC)COC(=O)CC(C(=O)OCC(CC)CCCC)S(=O)(=O)[O-].[Na+],0
COc1ccc(N)cc1,1
CCOC(=O)C(C)O,0
CCC(=NOCC=CCl)C1=C(O)CC(C2CCOCC2)CC1=O,0
CNC(=O)Oc1cc(C)c(N(C)C)c(C)c1,1
Nc1cc(Cl)cc(Cl)c1,0
O=C(O)C(Cl)Cl,0
CCOC(=O)c1ccccc1,0
COP(=S)(OC)SCN1C(=O)c2ccccc2C1=O,0
c1ccc(NNc2ccccc2)cc1,0
CCCCn1ccnc1,0
Clc1ccc(-c2ccc(Cl)cc2Cl)c(Cl)c1,1
Cc1ccccc1N,0
CCCCn1sc2ccccc2c1=O,1
O=C(CBr)OCc1ccccc1,1
OC(Cc1ccccc1Cl)(Cn1[nH]cnc1=S)C1(Cl)CC1,0
CCCCCCCCCCO,0
Cc1cc(C)nc(Nc2ccccc2)n1,0
COc1nc(C)nc(NC(=O)NS(=O)(=O)c2ccccc2Cl)n1,1
CCOP(=S)(NC(C)CC)Oc1cc(C)ccc1[N+](=O)[O-],0
CCOP(=S)(OCC)Oc1ccc2c(C)c(Cl)c(=O)oc2c1,1
Cc1cc([N+](=O)[O-])ccc1[N+](=O)[O-],0
Cc1cccc([N+](=O)[O-])c1[N+](=O)[O-],0
CCCN(CCC)c1c([N+](=O)[O-])cc(C(C)C)cc1[N+](=O)[O-],1
CC(C)N.O=C(O)CNCP(=O)(O)O,1
CCOP(=O)(O)OCC,0
OCCNCCO,1
COc1ccc(O)cc1,0
CC(C)c1ccc2c(c1)CCC1C(C)(C(=O)O)CCCC21C,1
CN(C)C(=O)Nc1ccc(Oc2ccc(Cl)cc2)cc1,0
O=[N+]([O-])c1cc(Cl)ccc1Cl,0
CC(=O)OCCOC(C)=O,0
CCOC(=O)NCCOc1ccc(Oc2ccccc2)cc1,1
CCOC(=O)C(SP(=S)(OC)OC)c1ccccc1,0
Nc1ccc(N(CCO)CCO)cc1.O=S(=O)(O)O,1
COc1c(Cl)c(Cl)c(Cl)c(Cl)c1Cl,1
CNC(=O)ON=C(SC)C(=O)N(C)C,1
CCCCC(CC)COC(=O)COc1ccc(Cl)cc1C,1
ClCCl,1
CC(C)(C)C(O)C(Oc1ccc(Cl)cc1)n1cncn1,0
O=C(O)COc1ccc(Cl)cc1Cl,1
Cc1cc(O)cc(C)c1N,1
O=C(CBr)c1ccc(O)cc1,0
Cc1ccc(N=CN(C)C=Nc2ccc(C)cc2C)c(C)c1,1
N#Cc1ccc(CC(=NNC(=O)Nc2ccc(OC(F)(F)F)cc2)c2cccc(C(F)(F)F)c2)cc1,0
NCCN,1
ClC1=C(Cl)C2(Cl)C3COCC3C1(Cl)C2(Cl)Cl,1
COC(C)(C)CCCC(C)CC=CC(C)=CC(=O)OC(C)C,1
CCCC(=O)Oc1c(Br)cc(C#N)cc1Br,1
Cc1ccc([N+](=O)[O-])c(N)c1[N+](=O)[O-],0
C[N+]1(C)CCCCC1.[Cl-],0
CCCOC(C)=O,0
COC(=O)C=C(C)OP(=O)(OC)OC,0
CCCCCCC(=O)Oc1c(Br)cc(C#N)cc1Br,1
O=C1C(Cl)=C(Cl)C(=O)c2ccccc21,1
CCOc1ccc(C(C)(C)COCc2cccc(Oc3ccccc3)c2)cc1,1
C=C1C2CCC(C2)C1(C)C,0
CCOP(=S)(Oc1ccc([N+](=O)[O-])cc1)c1ccccc1,1
CCCCOC(C)=O,0
Cc1ccc(S(=O)(=O)[N-]Cl)cc1.[Na+],0
CCOCN(C(=O)CCl)c1c(C)cccc1CC,1
Nc1ccc(-c2ccc(N)cc2)cc1,1
CCCCOCCOCCOCc1cc2c(cc1CCC)OCO2,1
Oc1ccc(O)c(Cl)c1,1
CC(C)(C)CC(C)(C)c1ccc(OCCOCC[N+](C)(C)Cc2ccccc2)cc1.[Cl-],1
C#CCOC(=O)C=C(C)C=CCC(C)CCCC(C)C,1
COC(=O)C(C)Oc1ccc(Oc2ccc(Cl)cc2Cl)cc1,0
Cc1cccc(O)c1[N+](=O)[O-],0
CCc1ccc(N)cc1,1
CCCCC=O,0
CC1(C)C(C(=O)OC(C#N)c2cccc(Oc3ccccc3)c2)C1(C)C,1
CNC(=O)C=C(C)OP(=O)(OC)OC,1
CC(Oc1ccc(Oc2nc3ccc(Cl)cc3o2)cc1)C(=O)O,0
Clc1ccccc1-c1ccccc1,1
O=S(=O)(C(Cl)(Cl)Cl)C(Cl)(Cl)Cl,1
CCCCCCCCCCCCN(CCCN)CCCN,1
C=C1C2CCC3C2C(C)(C)CCCC13C,1
Cc1c([N+](=O)[O-])cc([N+](=O)[O-])cc1[N+](=O)[O-],1
COc1c(Cl)ccc(Cl)c1C(=O)O,0
O=[N+]([O-])C(CO)(CO)CO,0
CC(C)=CCCC(C)=CCCC(C)=CCO,0
CCOc1ccc2c(c1)C(C)=CC(C)(C)N2,0
CNC(=S)[S-].[K+],0
Cc1ccc([N+](=O)[O-])cc1N,0
Cc1ccccc1C,1
OCCN1CN(CCO)CN(CCO)C1,0
CCOP(=S)(OCC)Oc1cnc2ccccc2n1,1
COP(=S)(S)OC,0
CCCCCCCCC(=O)O,0
CCCCC(C=O)CC,0
CCOP(=O)(OCC)OC(=CCl)c1ccc(Cl)cc1Cl,1
CCNc1ccccc1,1
CCOC(=O)C(C)Oc1ccc(Oc2cnc3cc(Cl)ccc3n2)cc1,1
COS(=O)(=O)[O-].Cn1c(-c2ccccc2)cc(-c2ccccc2)[n+]1C,0
NC(=NN=Cc1ccc(Cl)cc1)NN=Cc1ccc(Cl)cc1,1
CC(C)=CC1C(C(=O)OCc2cccc(Oc3ccccc3)c2)C1(C)C,1
O=C(O)COc1cc(Cl)c(Cl)cc1Cl,0
CNC(=O)c1cc(C#N)cc(C)c1NC(=O)c1cc(Br)nn1-c1ncccc1Cl,1
CCc1cc(C)cc(CC)c1-c1c(OC(=O)C(C)(C)C)n2n(c1=O)CCOCC2,0
C=CCC1=C(C)C(OC(=O)C2C(C=C(C)C)C2(C)C)CC1=O,1
OC(CCl)CCl,0
CC(C)C(=O)O.N,0
COP(=S)(OC)SCc1ccc(SP(=S)(OC)OC)cc1,0
CCCCCCCCC=CCCCCCCCC(=O)O,0
CCC(C)n1c(=O)[nH]c(C)c(Br)c1=O,0
COC(=O)C1(Cl)C(Cl)CCC2(C)c3ccc(C(C)C)cc3CCC21,1
c1ccc(CNc2ncnc3nc[nH]c23)cc1,0
CN(C)C(=S)N(C)C,0
Oc1c(Cl)ccc(Cl)c1Cl,0
CCCOC(=O)c1ccc(C(=O)OCCC)nc1,0
CC1=CC(=O)c2ccccc2C1=O,1
c1ccc(N=Nc2ccccc2)cc1,0
CCSC(=O)N(CC(C)C)CC(C)C,0
C=C(C)C(=O)OC,0
Nc1cccc(Cl)c1,0
Oc1cccc(O)c1O,0
Clc1ccc(C2(Cn3cncn3)CC(Br)CO2)c(Cl)c1,1
Cn1cc(C(=O)Nc2ccccc2-c2cc(F)c(F)c(F)c2)c(C(F)F)n1,0
Cn1cc(C(=O)Nc2ccccc2C2CC2C2CC2)c(C(F)F)n1,0
Oc1cc(Cl)cc(Cl)c1Cl,0
CCCCCCCCCCCN,1
CCOC(=O)COc1cc(-c2nn(C)c(OC(F)F)c2Cl)c(F)cc1Cl,1
CSSC,0
S=C=S,0
CCCCCCCCCCCN,0
CCCCCCCCCCN,0
CCOC(=O)C(C)(C)Oc1ccc(Cl)cc1,0
CCCCCCNCCCCCC,0
CC1CCCCC1C,0
O=C1OCC2C1C1(Cl)C(Cl)=C(Cl)C2(Cl)C1(Cl)Cl,0
Oc1cccc(Cl)c1,0
Nc1c(Cl)c(F)nc(OCC(=O)O)c1Cl,0
CCCOCCN(C(=O)CCl)c1c(CC)cccc1CC,1
CC(C)(C)C(O)(CCc1ccc(Cl)cc1)Cn1cncn1,1
Cc1nn(-c2cc(NS(C)(=O)=O)c(Cl)cc2Cl)c(=O)n1C(F)F,0
CCOP(=O)(O)C(N)=O.N,0
CCCCC(CC)COC(=O)CCCCC(=O)OCC(CC)CCCC,1
CCCCC(=O)[O-].[Na+],0
CCCCCCCCCCCCOS(=O)(=O)[O-].[Na+],1
CC(C)OP(=S)(OC(C)C)SCCNS(=O)(=O)c1ccccc1,1
CCC12COCN1COC2,0
CCOP([O-])(=S)OCC.[K+],0
CCc1ccc(O)cc1,0
Cc1ccc([N+](=O)[O-])c([N+](=O)[O-])c1,0
CCC1(c2ccccc2)C(=O)NC(=O)NC1=O,0
CCCCCCC,0
O=C(Nc1ccccc1)Nc1ccnc(Cl)c1,0
CNCCC(Oc1ccc(C(F)(F)F)cc1)c1ccccc1.Cl,1
CC(Oc1ccc(Oc2nc3ccc(Cl)cc3o2)cc1)C(=O)O,1
O=C1c2ccccc2C(=O)C1C(=O)C(c1ccccc1)c1ccccc1,0
CN1CCCC1c1cccnc1,1
[Na+].[O-]c1ccccc1-c1ccccc1,0
CCCCCCO,0
CNC(=S)[S-].[Na+],0
O=C1CCN(c2ccccc2)N1,0
Oc1c(Cl)c(Cl)cc(Cl)c1Cl,1
CC#N,0
